Height,Weight,Gender,#VALUE!
185,72,man,43.56604182
170,56,woman,29.41088234
168,60,woman,26.47640459
179,68,man,37.12142239
182,72,woman,40.60788101
188,77,man,47.5394573
180,71,man,38.47076812
180,70,woman,38.32753579
183,84,man,45.18849411
180,88,woman,44.41846463
180,67,woman,38.05259518
177,76,man,36.68787266
142,65,,
